Keyword,Keyword Type,Cluster,Search Intent,Keyword Difficulty (Estimated),Current Usage Count (Site),Coverage Breakdown,Primary Target URL,Current Status,Priority,Competitive Content Gap,Recommended Action
Website Development Company in India,Primary,Core Commercial,Commercial,High,17,titleMeta:6 | headings:2 | blog:2,/react-js-development-company,Optimized,High,Competitors show stronger proof blocks and segment-specific conversion hooks on service pages.,Keep one primary keyword per page; demote overlaps to secondary terms.
App Development Company in India,Primary,Core Commercial,Commercial,High,13,titleMeta:6 | headings:1,/mobile-app-development-company,Optimized,High,Competitors show stronger proof blocks and segment-specific conversion hooks on service pages.,Keep one primary keyword per page; demote overlaps to secondary terms.
SaaS Product Development Company in India,Primary,Core Commercial,Commercial,High,5,titleMeta:1 | headings:1,/custom-software-development-india,Partial,High,Competitors show stronger proof blocks and segment-specific conversion hooks on service pages.,Keep one primary keyword per page; demote overlaps to secondary terms.
IT Consulting and Services in India,Primary,Core Commercial,Commercial,High,10,titleMeta:3 | headings:1,/services,Optimized,High,Competitors show stronger proof blocks and segment-specific conversion hooks on service pages.,Keep one primary keyword per page; demote overlaps to secondary terms.
Custom Software Development Company in India,Primary,Core Commercial,Commercial,High,8,titleMeta:3 | headings:1,/custom-software-development-india,Optimized,High,Competitors show stronger proof blocks and segment-specific conversion hooks on service pages.,Keep one primary keyword per page; demote overlaps to secondary terms.
SEO Services in India,Primary,Core Commercial,Commercial,High,23,titleMeta:5 | headings:1 | slugs:1 | anchors:5,/seo-services-in-india,Optimized,High,Competitors show stronger proof blocks and segment-specific conversion hooks on service pages.,Keep one primary keyword per page; demote overlaps to secondary terms.
"Website, App & SaaS Development Company in India",Primary,Core Commercial,Commercial,High,3,titleMeta:2,/website-app-saas-development-company-india,Partial,High,Competitors show stronger proof blocks and segment-specific conversion hooks on service pages.,Keep one primary keyword per page; demote overlaps to secondary terms.
Website Development Company in Mumbai,Secondary,Local SEO,Transactional,Medium,10,titleMeta:4 | anchors:1,/website-development-company-mumbai,Optimized,High,Limited city coverage vs competitors with broader multi-city landing architecture.,Create new city pages and interlink from service hubs + FAQ blocks.
App Development Company in Bangalore,Secondary,Local SEO,Transactional,Medium,10,titleMeta:4 | anchors:1,/app-development-company-bangalore,Optimized,High,Limited city coverage vs competitors with broader multi-city landing architecture.,Create new city pages and interlink from service hubs + FAQ blocks.
SaaS Development Company in Hyderabad,Secondary,Local SEO,Transactional,Medium,10,titleMeta:4 | anchors:1,/saas-development-company-hyderabad,Optimized,High,Limited city coverage vs competitors with broader multi-city landing architecture.,Create new city pages and interlink from service hubs + FAQ blocks.
Website Development Cost in India,Secondary,Cost & Pricing,Informational,Medium,14,titleMeta:2 | slugs:1 | anchors:1 | blog:3,/blog/website-development-cost-in-india-2026,Optimized,High,"Cost intent exists in blogs, but service pages need concise budget bands and timelines.",Add direct pricing answer snippets on commercial pages with CTA.
SaaS Product Development Cost in India,Secondary,Cost & Pricing,Informational,Medium,16,titleMeta:3 | slugs:1 | anchors:1 | blog:6,/blog/saas-product-development-cost-in-india,Optimized,High,"Cost intent exists in blogs, but service pages need concise budget bands and timelines.",Add direct pricing answer snippets on commercial pages with CTA.
How Much Does Custom Software Cost in India,Secondary,Cost & Pricing,Informational,Medium,8,titleMeta:2 | slugs:1 | anchors:1 | blog:3,/blog/how-much-does-custom-software-cost-in-india,Optimized,High,"Cost intent exists in blogs, but service pages need concise budget bands and timelines.",Add direct pricing answer snippets on commercial pages with CTA.
Best SaaS Development Company in India,Secondary,SaaS,Commercial,High,16,titleMeta:3 | slugs:1 | anchors:1 | blog:6,/blog/best-saas-development-company-in-india,Optimized,Medium,"Need deeper use-case pages (multi-tenant, billing, migration, retention) for authority.",Add SaaS sub-service pages and comparison sections for faster qualification.
Ecommerce Website Development Company,Secondary,Web Development,Commercial,Medium,14,titleMeta:3 | slugs:1 | blog:4,/blog/ecommerce-website-development-company-guide,Optimized,Medium,Need more case-led technical proof and differentiated framework positioning.,Strengthen technical comparisons and case study internal links.
React JS Development Company,Secondary,Web Development,Commercial,Medium,3,slugs:1,/react-js-development-company,Partial,Medium,Need more case-led technical proof and differentiated framework positioning.,Strengthen technical comparisons and case study internal links.
Mobile App Development Company,Secondary,App Development,Commercial,High,1,slugs:1,/mobile-app-development-company,Partial,Medium,Need more platform-specific pages (Android/iOS/React Native/Flutter).,Add platform-wise sections and dedicated app intent FAQs.
Web Design Cost in India,Secondary,Cost & Pricing,Informational,Medium,2,titleMeta:1 | slugs:1 | blog:1,/blog/web-design-cost-in-india,Partial,Medium,"Cost intent exists in blogs, but service pages need concise budget bands and timelines.",Add direct pricing answer snippets on commercial pages with CTA.
SEO Services for Startups in India,Secondary,SEO,Informational,Medium,5,titleMeta:2 | slugs:1 | blog:2,/blog/seo-services-for-startups-in-india,Optimized,Medium,Need stronger entity/AI-search clusters and more benchmarked outcomes.,"Add semantic entities, FAQ schema depth, and answer-first blocks."
Website Development Timeline Guide,Secondary,Web Development,Informational,Medium,2,titleMeta:1 | blog:1,/blog/website-development-timeline-how-long-it-takes,Partial,Medium,Need more case-led technical proof and differentiated framework positioning.,Strengthen technical comparisons and case study internal links.
SEO and Website Development Company,Secondary,SEO,Commercial,Medium,8,titleMeta:3 | slugs:1 | blog:3,/blog/seo-and-website-development-company,Optimized,Medium,Need stronger entity/AI-search clusters and more benchmarked outcomes.,"Add semantic entities, FAQ schema depth, and answer-first blocks."
Website Solutions,Secondary,Website Solutions,Informational,Medium,50,titleMeta:6 | slugs:2 | blog:15,/blog/best-website-solutions-small-business-india,Optimized,Low,Topic overlap across blogs; intent separation and internal linking need refinement.,Consolidate overlapping topics and map each post to unique intent.
React vs Next.js for Business Websites,Long-tail,Web Development,Informational,Medium,5,titleMeta:2 | blog:2,/blog/react-vs-nextjs-business-websites,Partial,Low,Need more case-led technical proof and differentiated framework positioning.,Strengthen technical comparisons and case study internal links.
Ecommerce Website Development Guide in India,Long-tail,Ecommerce,Informational,Medium,4,titleMeta:2 | blog:2,/blog/ecommerce-website-development-guide-india,Partial,Low,"Need more ecommerce transaction pages (platform, payments, logistics, scale).",Add service + cost + platform comparison landing pages.
Best SEO and Digital Marketing Agency,Long-tail,SEO,Commercial,High,10,titleMeta:3 | blog:4,/blog/best-seo-digital-marketing-agency-guide,Partial,Low,Need stronger entity/AI-search clusters and more benchmarked outcomes.,"Add semantic entities, FAQ schema depth, and answer-first blocks."
SEO and Content Marketing Agency,Long-tail,SEO,Commercial,High,10,titleMeta:3 | blog:4,/blog/seo-content-marketing-agency-playbook,Partial,Low,Need stronger entity/AI-search clusters and more benchmarked outcomes.,"Add semantic entities, FAQ schema depth, and answer-first blocks."
Affordable SEO and Marketing Agency,Long-tail,SEO,Commercial,Medium,10,titleMeta:3 | blog:4,/blog/affordable-seo-marketing-agency-pricing,Partial,Low,Need stronger entity/AI-search clusters and more benchmarked outcomes.,"Add semantic entities, FAQ schema depth, and answer-first blocks."
SEO Agency WordPress Themes,Long-tail,SEO,Informational,Low,4,titleMeta:2 | slugs:1 | blog:2,/blog/seo-agency-wordpress-themes-roundup,Partial,Low,Need stronger entity/AI-search clusters and more benchmarked outcomes.,"Add semantic entities, FAQ schema depth, and answer-first blocks."
Avoid Nulled SEO Agency WordPress Themes,Long-tail,SEO,Informational,Low,2,titleMeta:1 | blog:1,/blog/avoid-nulled-seo-agency-themes,Partial,Low,Need stronger entity/AI-search clusters and more benchmarked outcomes.,"Add semantic entities, FAQ schema depth, and answer-first blocks."
Local SEO and Marketing Agency Reviews,Long-tail,SEO,Commercial,Medium,2,titleMeta:1 | blog:1,/blog/local-seo-marketing-agency-reviews,Partial,Low,Need stronger entity/AI-search clusters and more benchmarked outcomes.,"Add semantic entities, FAQ schema depth, and answer-first blocks."
Best Website Solutions for Small Business in India,Long-tail,Website Solutions,Commercial,Medium,4,titleMeta:2 | blog:2,/blog/best-website-solutions-small-business-india,Partial,Low,Topic overlap across blogs; intent separation and internal linking need refinement.,Consolidate overlapping topics and map each post to unique intent.
How to Choose a Website Solution Provider,Long-tail,Website Solutions,Informational,Medium,4,titleMeta:2 | blog:2,/blog/choose-website-solution-provider,Partial,Low,Topic overlap across blogs; intent separation and internal linking need refinement.,Consolidate overlapping topics and map each post to unique intent.
Affordable Website Builders vs Custom Development,Long-tail,Website Solutions,Informational,Medium,4,titleMeta:2 | blog:2,/blog/affordable-website-builders-vs-custom,Partial,Low,Topic overlap across blogs; intent separation and internal linking need refinement.,Consolidate overlapping topics and map each post to unique intent.
Creative Website Solutions That Convert,Long-tail,Website Solutions,Informational,Medium,6,titleMeta:3 | slugs:1 | blog:3,/blog/creative-website-solutions-that-convert,Partial,Low,Topic overlap across blogs; intent separation and internal linking need refinement.,Consolidate overlapping topics and map each post to unique intent.
SEO-Ready Website Checklist,Long-tail,SEO,Informational,Medium,2,titleMeta:1 | blog:1,/blog/seo-ready-website-checklist,Partial,Low,Need stronger entity/AI-search clusters and more benchmarked outcomes.,"Add semantic entities, FAQ schema depth, and answer-first blocks."
Brand Identity for SaaS,Long-tail,SaaS,Informational,Low,2,titleMeta:1 | slugs:1 | blog:1,/blog/brand-identity-for-saas,Partial,Low,"Need deeper use-case pages (multi-tenant, billing, migration, retention) for authority.",Add SaaS sub-service pages and comparison sections for faster qualification.
WebOrbitSolution,Branded,Brand,Navigational,Low,101,titleMeta:32 | headings:1 | alts:1,/,Optimized,High,Brand demand is strong; improve branded SERP assets and social proof consistency.,Expand branded knowledge panel signals and consistent NAP/brand mentions.
WebOrbit Solution,Branded,Brand,Navigational,Low,2,not found,/,Partial,Medium,Brand demand is strong; improve branded SERP assets and social proof consistency.,Expand branded knowledge panel signals and consistent NAP/brand mentions.
WebOrbit,Branded,Brand,Navigational,Low,157,titleMeta:33 | headings:2 | alts:3,/,Optimized,Medium,Brand demand is strong; improve branded SERP assets and social proof consistency.,Expand branded knowledge panel signals and consistent NAP/brand mentions.
WebOrbit Studio,Branded,Brand,Navigational,Low,48,not found,/about,Optimized,Low,Brand demand is strong; improve branded SERP assets and social proof consistency.,Expand branded knowledge panel signals and consistent NAP/brand mentions.
MVP development for startup,Missing Opportunity,MVP,Commercial,Medium,0,not found,/custom-software-development-india,Missing,High,Dedicated MVP commercial pages are missing despite high startup relevance.,Publish MVP-focused landing page and link from app + SaaS pages.
Startup app development services,Missing Opportunity,App Development,Commercial,Medium,0,not found,/mobile-app-development-company,Missing,High,Need more platform-specific pages (Android/iOS/React Native/Flutter).,Add platform-wise sections and dedicated app intent FAQs.
Custom SaaS development services,Missing Opportunity,SaaS,Commercial,Medium,0,not found,/custom-software-development-india,Missing,High,"Need deeper use-case pages (multi-tenant, billing, migration, retention) for authority.",Add SaaS sub-service pages and comparison sections for faster qualification.
SaaS application development company,Missing Opportunity,SaaS,Commercial,Medium,0,not found,/custom-software-development-india,Missing,High,"Need deeper use-case pages (multi-tenant, billing, migration, retention) for authority.",Add SaaS sub-service pages and comparison sections for faster qualification.
SaaS MVP development company in India,Missing Opportunity,SaaS,Commercial,Medium,0,not found,/custom-software-development-india,Missing,High,"Need deeper use-case pages (multi-tenant, billing, migration, retention) for authority.",Add SaaS sub-service pages and comparison sections for faster qualification.
Website Development Company in Delhi,Missing Opportunity,Local SEO,Transactional,Medium,0,not found,/website-app-saas-development-company-india,Missing,High,Limited city coverage vs competitors with broader multi-city landing architecture.,Create new city pages and interlink from service hubs + FAQ blocks.
App Development Company in Delhi,Missing Opportunity,Local SEO,Transactional,Medium,0,not found,/website-app-saas-development-company-india,Missing,High,Limited city coverage vs competitors with broader multi-city landing architecture.,Create new city pages and interlink from service hubs + FAQ blocks.
Android app developer in Delhi,Missing Opportunity,Local SEO,Transactional,Medium,0,not found,/mobile-app-development-company,Missing,High,Limited city coverage vs competitors with broader multi-city landing architecture.,Create new city pages and interlink from service hubs + FAQ blocks.
Custom mobile app development company in Delhi,Missing Opportunity,Local SEO,Transactional,Medium,0,not found,/mobile-app-development-company,Missing,Medium,Limited city coverage vs competitors with broader multi-city landing architecture.,Create new city pages and interlink from service hubs + FAQ blocks.
Software development company for startups in India,Missing Opportunity,Core Commercial,Commercial,Medium,0,not found,/custom-software-development-india,Missing,High,Competitors show stronger proof blocks and segment-specific conversion hooks on service pages.,Keep one primary keyword per page; demote overlaps to secondary terms.
multi-tenant SaaS architecture,Semantic,SaaS,Informational,Medium,1,not found,/custom-software-development-india,Partial,Medium,"Need deeper use-case pages (multi-tenant, billing, migration, retention) for authority.",Add SaaS sub-service pages and comparison sections for faster qualification.
subscription billing integration,Semantic,SaaS,Informational,Medium,0,not found,/custom-software-development-india,Missing,Medium,"Need deeper use-case pages (multi-tenant, billing, migration, retention) for authority.",Add SaaS sub-service pages and comparison sections for faster qualification.
SaaS product engineering services,Semantic,SaaS,Commercial,Medium,0,not found,/custom-software-development-india,Missing,Medium,"Need deeper use-case pages (multi-tenant, billing, migration, retention) for authority.",Add SaaS sub-service pages and comparison sections for faster qualification.
B2B SaaS development services,Semantic,SaaS,Commercial,Medium,0,not found,/custom-software-development-india,Missing,Medium,"Need deeper use-case pages (multi-tenant, billing, migration, retention) for authority.",Add SaaS sub-service pages and comparison sections for faster qualification.
product-led growth for SaaS,Semantic,SaaS,Informational,Medium,0,not found,/blog/brand-identity-for-saas,Missing,Low,"Need deeper use-case pages (multi-tenant, billing, migration, retention) for authority.",Add SaaS sub-service pages and comparison sections for faster qualification.
custom software for business automation,Semantic,Custom Software,Commercial,Medium,0,not found,/custom-software-development-india,Missing,Medium,"Need stronger module-level pages: modernization, integration, and enterprise workflows.",Publish automation/integration/modernization pages with proof.
legacy software modernization services,Semantic,Custom Software,Commercial,Medium,0,not found,/custom-software-development-india,Missing,Medium,"Need stronger module-level pages: modernization, integration, and enterprise workflows.",Publish automation/integration/modernization pages with proof.
enterprise software development India,Semantic,Custom Software,Commercial,High,0,not found,/custom-software-development-india,Missing,Medium,"Need stronger module-level pages: modernization, integration, and enterprise workflows.",Publish automation/integration/modernization pages with proof.
digital transformation consulting India,Semantic,Consulting,Commercial,High,0,not found,/services,Missing,Medium,Consulting intent exists but needs stronger offer packaging and clearer CTA paths.,"Add consulting packages, delivery model, and discovery CTA."
CRM ERP integration services,Semantic,Consulting,Commercial,Medium,0,not found,/services,Missing,Medium,Consulting intent exists but needs stronger offer packaging and clearer CTA paths.,"Add consulting packages, delivery model, and discovery CTA."
cloud migration consulting India,Semantic,Consulting,Commercial,Medium,0,not found,/services,Missing,Medium,Consulting intent exists but needs stronger offer packaging and clearer CTA paths.,"Add consulting packages, delivery model, and discovery CTA."
Next.js development company India,Semantic,Web Development,Commercial,Medium,0,not found,/react-js-development-company,Missing,Medium,Need more case-led technical proof and differentiated framework positioning.,Strengthen technical comparisons and case study internal links.
headless CMS development India,Semantic,Web Development,Commercial,Medium,0,not found,/react-js-development-company,Missing,Low,Need more case-led technical proof and differentiated framework positioning.,Strengthen technical comparisons and case study internal links.
conversion-focused website development,Semantic,Web Development,Commercial,Medium,0,not found,/react-js-development-company,Missing,Medium,Need more case-led technical proof and differentiated framework positioning.,Strengthen technical comparisons and case study internal links.
core web vitals optimization services,Semantic,SEO,Commercial,Medium,0,not found,/seo-services-in-india,Missing,Medium,Need stronger entity/AI-search clusters and more benchmarked outcomes.,"Add semantic entities, FAQ schema depth, and answer-first blocks."
Android app development company India,Semantic,App Development,Commercial,High,0,not found,/mobile-app-development-company,Missing,Medium,Need more platform-specific pages (Android/iOS/React Native/Flutter).,Add platform-wise sections and dedicated app intent FAQs.
iOS app development company India,Semantic,App Development,Commercial,High,0,not found,/mobile-app-development-company,Missing,Medium,Need more platform-specific pages (Android/iOS/React Native/Flutter).,Add platform-wise sections and dedicated app intent FAQs.
React Native app development India,Semantic,App Development,Commercial,Medium,0,not found,/mobile-app-development-company,Missing,Medium,Need more platform-specific pages (Android/iOS/React Native/Flutter).,Add platform-wise sections and dedicated app intent FAQs.
Flutter app development services India,Semantic,App Development,Commercial,Medium,0,not found,/mobile-app-development-company,Missing,Medium,Need more platform-specific pages (Android/iOS/React Native/Flutter).,Add platform-wise sections and dedicated app intent FAQs.
MVP app development company India,Semantic,MVP,Commercial,Medium,0,not found,/mobile-app-development-company,Missing,Medium,Dedicated MVP commercial pages are missing despite high startup relevance.,Publish MVP-focused landing page and link from app + SaaS pages.
app maintenance and modernization,Semantic,App Development,Commercial,Medium,0,not found,/mobile-app-development-company,Missing,Low,Need more platform-specific pages (Android/iOS/React Native/Flutter).,Add platform-wise sections and dedicated app intent FAQs.
technical SEO services India,Semantic,SEO,Commercial,Medium,0,not found,/seo-services-in-india,Missing,Medium,Need stronger entity/AI-search clusters and more benchmarked outcomes.,"Add semantic entities, FAQ schema depth, and answer-first blocks."
schema markup implementation services,Semantic,SEO,Commercial,Medium,0,not found,/seo-services-in-india,Missing,Medium,Need stronger entity/AI-search clusters and more benchmarked outcomes.,"Add semantic entities, FAQ schema depth, and answer-first blocks."
entity SEO optimization,Semantic,SEO,Informational,Medium,0,not found,/seo-services-in-india,Missing,Medium,Need stronger entity/AI-search clusters and more benchmarked outcomes.,"Add semantic entities, FAQ schema depth, and answer-first blocks."
voice search optimization services India,Semantic,SEO,Commercial,Medium,0,not found,/seo-services-in-india,Missing,Medium,Need stronger entity/AI-search clusters and more benchmarked outcomes.,"Add semantic entities, FAQ schema depth, and answer-first blocks."
AI search optimization services,Semantic,SEO,Commercial,Medium,0,not found,/seo-services-in-india,Missing,Medium,Need stronger entity/AI-search clusters and more benchmarked outcomes.,"Add semantic entities, FAQ schema depth, and answer-first blocks."
answer engine optimization,Semantic,SEO,Informational,Medium,0,not found,/seo-services-in-india,Missing,Medium,Need stronger entity/AI-search clusters and more benchmarked outcomes.,"Add semantic entities, FAQ schema depth, and answer-first blocks."
LLM SEO strategy,Semantic,SEO,Informational,Medium,0,not found,/seo-services-in-india,Missing,Low,Need stronger entity/AI-search clusters and more benchmarked outcomes.,"Add semantic entities, FAQ schema depth, and answer-first blocks."
generative engine optimization India,Semantic,SEO,Informational,Medium,0,not found,/seo-services-in-india,Missing,Low,Need stronger entity/AI-search clusters and more benchmarked outcomes.,"Add semantic entities, FAQ schema depth, and answer-first blocks."
hire dedicated developers in India,Semantic,Hiring,Commercial,High,0,not found,/contact,Missing,Low,No dedicated hiring/dedicated team page for high-intent staffing queries.,Create dedicated team extension page with engagement models.
