Page URL,Page Type,Funnel Stage,Primary Keyword,Secondary Keywords,Search Intent,Recommended Word Count,Schema Types,Primary CTA,Internal Links Outbound,Priority,90-Day Phase,Status,Notes
https://weborbitsolution.in/,Homepage,BOFU,SaaS Product Development Company in India,Website Development Company in India | App Development Company in India | IT Consulting and Services in India,Commercial,1200-1800,Organization|WebSite|LocalBusiness|FAQPage|BreadcrumbList,Book Consultation,/services | /custom-software-development-india | /mobile-app-development-company | /react-js-development-company | /contact,P1,Phase 1 (Days 1-30),Existing - refine,Keep homepage broad; do not let it cannibalize service pages.
https://weborbitsolution.in/services,Service Hub,MOFU,IT Consulting and Services in India,technology consulting partner India | digital transformation consulting India,Commercial,1500-2200,Service|FAQPage|BreadcrumbList,Get IT Consulting Plan,/custom-software-development-india | /seo-services-in-india | /contact,P1,Phase 1 (Days 1-30),Existing - refine,Make this the single owner for consulting intent.
https://weborbitsolution.in/custom-software-development-india,Service,BOFU,Custom Software Development Company in India,SaaS Product Development Company in India | custom SaaS development services | enterprise software development India,Commercial,1800-2600,Service|FAQPage|BreadcrumbList,Book SaaS Consultation,/blog/saas-product-development-cost-in-india | /blog/how-much-does-custom-software-cost-in-india | /contact,P1,Phase 1 (Days 1-30),Existing - refine,"Add strong proof, packages, timeline blocks."
https://weborbitsolution.in/mobile-app-development-company,Service,BOFU,App Development Company in India,android app development company India | iOS app development company India | startup app development services,Commercial,1700-2400,Service|FAQPage|BreadcrumbList,Start App Consultation,/blog/website-development-timeline-how-long-it-takes | /contact,P1,Phase 1 (Days 1-30),Existing - refine,Own app commercial intent only on this page.
https://weborbitsolution.in/react-js-development-company,Service,BOFU,Website Development Company in India,next.js development company India | conversion-focused website development,Commercial,1700-2400,Service|FAQPage|BreadcrumbList,Book Web Consultation,/blog/react-vs-nextjs-business-websites | /blog/seo-and-website-development-company | /contact,P1,Phase 1 (Days 1-30),Existing - refine,Keep React/Next differentiator; avoid generic app terms here.
https://weborbitsolution.in/seo-services-in-india,Service,BOFU,SEO Services in India,AI search optimization services | voice search optimization services India | technical SEO services India,Commercial,1700-2500,Service|FAQPage|BreadcrumbList,Request SEO Audit,/blog/seo-services-for-startups-in-india | /blog/seo-ready-website-checklist | /contact,P1,Phase 1 (Days 1-30),Existing - refine,Prioritize BOFU + AI search service angle.
https://weborbitsolution.in/website-development-company-mumbai,City Landing,BOFU,Website Development Company in Mumbai,website design company Mumbai | web development agency Mumbai,Transactional,1200-1800,LocalBusiness|Service|FAQPage|BreadcrumbList,Book Consultation,/react-js-development-company | /contact,P1,Phase 2 (Days 31-60),Existing - refine,Local proof + city testimonials needed.
https://weborbitsolution.in/app-development-company-bangalore,City Landing,BOFU,App Development Company in Bangalore,mobile app developer Bangalore | startup app developers Bangalore,Transactional,1200-1800,LocalBusiness|Service|FAQPage|BreadcrumbList,Start App Consultation,/mobile-app-development-company | /contact,P1,Phase 2 (Days 31-60),Existing - refine,Add Bangalore-specific use cases.
https://weborbitsolution.in/saas-development-company-hyderabad,City Landing,BOFU,SaaS Development Company in Hyderabad,custom SaaS development Hyderabad | SaaS product engineering Hyderabad,Transactional,1200-1800,LocalBusiness|Service|FAQPage|BreadcrumbList,Book SaaS Consultation,/custom-software-development-india | /contact,P1,Phase 2 (Days 31-60),Existing - refine,Add subscription SaaS case outcomes.
https://weborbitsolution.in/website-development-company-delhi,City Landing,BOFU,Website Development Company in Delhi,web design company Delhi | custom website development company in Delhi,Transactional,1300-1900,LocalBusiness|Service|FAQPage|BreadcrumbList,Book Consultation,/react-js-development-company | /contact,P1,Phase 2 (Days 31-60),New,High-intent missing page.
https://weborbitsolution.in/app-development-company-delhi,City Landing,BOFU,App Development Company in Delhi,android app developer in Delhi | custom mobile app development company in Delhi,Transactional,1300-1900,LocalBusiness|Service|FAQPage|BreadcrumbList,Start App Consultation,/mobile-app-development-company | /contact,P1,Phase 2 (Days 31-60),New,High-intent missing page.
https://weborbitsolution.in/android-app-developer-delhi,City Landing,BOFU,Android app developer in Delhi,android app development company Delhi | startup app development Delhi,Transactional,1200-1700,LocalBusiness|Service|FAQPage|BreadcrumbList,Talk to Expert,/mobile-app-development-company | /contact,P2,Phase 2 (Days 31-60),New,Capture device/platform-specific local intent.
https://weborbitsolution.in/mvp-development-for-startups-india,Service,BOFU,MVP development for startup,SaaS MVP development company in India | startup app development services,Commercial,1600-2300,Service|FAQPage|BreadcrumbList,Book MVP Discovery Call,/custom-software-development-india | /mobile-app-development-company | /contact,P1,Phase 1 (Days 1-30),New,Critical missing BOFU page.
https://weborbitsolution.in/custom-saas-development-services-india,Service,BOFU,custom SaaS development services,SaaS application development company | SaaS product engineering services,Commercial,1700-2400,Service|FAQPage|BreadcrumbList,Book SaaS Consultation,/custom-software-development-india | /contact,P1,Phase 1 (Days 1-30),New,Core niche page for SaaS positioning.
https://weborbitsolution.in/it-consulting-services-company-india,Service,BOFU,IT consulting services company in India,technology consulting services India | software consulting for startups,Commercial,1500-2200,Service|FAQPage|BreadcrumbList,Get Consulting Plan,/services | /contact,P2,Phase 2 (Days 31-60),New,Reduces overloading on /services hub.
https://weborbitsolution.in/amc-support-services-india,Service,BOFU,AMC support services in India,application maintenance services India | software AMC services,Commercial,1300-1800,Service|FAQPage|BreadcrumbList,Start AMC Discussion,/contact,P2,Phase 2 (Days 31-60),New,Dedicated monetizable support page.
https://weborbitsolution.in/blog/website-development-cost-in-india-2026,Blog,TOFU/MOFU,Website Development Cost in India 2026,website design cost India | custom website cost India,Informational,1600-2500,BlogPosting|FAQPage|BreadcrumbList,Get Exact Project Quote,/react-js-development-company | /contact,P1,Phase 1 (Days 1-30),Existing - optimize,Keep as pricing entry page.
https://weborbitsolution.in/blog/saas-product-development-cost-in-india,Blog,TOFU/MOFU,SaaS Product Development Cost in India,SaaS MVP cost India | SaaS platform development pricing,Informational,1700-2600,BlogPosting|FAQPage|BreadcrumbList,Book SaaS Cost Estimation Call,/custom-software-development-india | /contact,P1,Phase 1 (Days 1-30),Existing - optimize,Map directly to SaaS commercial page.
https://weborbitsolution.in/blog/how-much-does-custom-software-cost-in-india,Blog,TOFU/MOFU,How Much Does Custom Software Cost in India,custom software pricing India | software development budget India,Informational,1700-2600,BlogPosting|FAQPage|BreadcrumbList,Request Budget Plan,/custom-software-development-india | /contact,P1,Phase 1 (Days 1-30),Existing - optimize,Strong BOFU transition needed.
https://weborbitsolution.in/blog/best-saas-development-company-in-india,Blog,MOFU/BOFU,Best SaaS Development Company in India,SaaS development partner India | how to choose SaaS company,Commercial Investigation,1700-2400,BlogPosting|FAQPage|BreadcrumbList,Book Consultation,/custom-saas-development-services-india | /contact,P1,Phase 1 (Days 1-30),Existing - optimize,Include real comparison matrix.
https://weborbitsolution.in/blog/seo-services-for-startups-in-india,Blog,TOFU/MOFU,SEO Services for Startups in India,startup SEO strategy India | B2B SaaS SEO India,Informational,1600-2200,BlogPosting|FAQPage|BreadcrumbList,Request SEO Audit,/seo-services-in-india | /contact,P2,Phase 2 (Days 31-60),Existing - optimize,Add lead magnet CTA.
https://weborbitsolution.in/blog/react-vs-nextjs-business-websites,Blog,MOFU,React vs Next.js for Business Websites,next.js SEO for SaaS | best framework for SEO websites,Informational,1500-2200,BlogPosting|FAQPage|BreadcrumbList,Book Web Consultation,/react-js-development-company | /contact,P2,Phase 2 (Days 31-60),Existing - optimize,Use as trust-building technical article.
https://weborbitsolution.in/case-studies,Case Study Hub,BOFU,SaaS development case studies India,web development case studies India | app development case studies,Commercial,900-1400,CollectionPage|BreadcrumbList,Start Similar Project,/contact | /services,P1,Phase 2 (Days 31-60),New,Mandatory for trust and conversion uplift.
https://weborbitsolution.in/industries/fintech,Industry Page,MOFU/BOFU,Fintech software development company India,fintech app development India | fintech SaaS development,Commercial,1300-1900,Service|FAQPage|BreadcrumbList,Book Fintech Consultation,/custom-software-development-india | /contact,P2,Phase 3 (Days 61-90),New,Industry relevance and conversion quality.
https://weborbitsolution.in/industries/healthcare,Industry Page,MOFU/BOFU,Healthcare software development company India,healthtech app development India | healthcare SaaS development,Commercial,1300-1900,Service|FAQPage|BreadcrumbList,Book Healthcare Consultation,/custom-software-development-india | /contact,P2,Phase 3 (Days 61-90),New,Improve vertical authority.
https://weborbitsolution.in/industries/retail-d2c,Industry Page,MOFU/BOFU,Retail software development company India,ecommerce app development India | D2C technology partner India,Commercial,1300-1900,Service|FAQPage|BreadcrumbList,Book D2C Consultation,/react-js-development-company | /contact,P3,Phase 3 (Days 61-90),New,Supports ecommerce + conversion cluster.
https://weborbitsolution.in/pricing,Commercial Support,BOFU,IT services pricing in India,website development pricing India | app development pricing India | SaaS development pricing India,Commercial,1400-2200,FAQPage|BreadcrumbList,Get Custom Quote,/contact | /services,P1,Phase 1 (Days 1-30),Existing - refine,Need package clarity + qualification CTA.
https://weborbitsolution.in/contact,Conversion,BOFU,Book technology consultation India,SaaS consultation India | app project consultation India,Transactional,700-1000,ContactPage|BreadcrumbList,Submit Project Brief,/services | /pricing | /case-studies,P1,Phase 1 (Days 1-30),Existing - optimize,Add qualification fields + UTMs + event tracking.
