Keyword,Type,Total Count,TitleMeta,Headings,Slugs,Anchors,Blog,Alt
development company,phrase,81,43,6,13,4,15,0
website development,phrase,69,31,2,7,3,26,0
development company in,phrase,54,35,6,2,4,8,0
company in india,phrase,41,25,6,1,1,8,0
development company in india,phrase,39,23,6,1,1,8,0
cost in india,phrase,34,13,0,4,3,14,0
website development company,phrase,32,16,2,4,1,9,0
saas development,phrase,28,12,0,5,2,9,0
custom software,phrase,26,13,1,2,3,7,0
seo services,phrase,25,13,1,2,6,3,0
app development,phrase,24,17,1,3,3,0,0
website solutions,phrase,23,6,0,2,0,15,0
services in india,phrase,22,12,2,1,7,0,0
saas development company,phrase,22,9,0,5,2,6,0
development cost,phrase,21,8,0,2,2,10,0
development cost in,phrase,21,8,0,2,2,9,0
development cost in india,phrase,21,8,0,2,2,9,0
saas development company in,phrase,18,9,0,2,2,6,0
ecommerce website,phrase,17,6,0,2,0,9,0
ecommerce website development,phrase,17,6,0,2,0,9,0
website app,phrase,16,0,0,2,0,0,0
seo and marketing,phrase,15,6,0,0,0,9,0
website development company in,phrase,15,10,2,0,1,2,0
app development company,phrase,15,10,1,3,1,0,0
app saas,phrase,14,0,0,2,0,0,0
website app saas,phrase,14,0,0,2,0,0,0
saas product,phrase,14,4,1,1,1,7,0
seo and marketing agency,phrase,14,6,0,0,0,8,0
web design,phrase,13,5,2,1,2,3,0
saas development company in india,phrase,13,5,0,1,1,6,0
product development,phrase,13,4,1,1,1,6,0
saas product development,phrase,13,4,1,1,1,6,0
affordable website,phrase,13,4,0,1,0,8,0
website builders,phrase,13,4,0,1,0,8,0
affordable website builders,phrase,13,4,0,1,0,8,0
software development,phrase,12,8,1,1,2,0,0
custom software development,phrase,12,8,1,1,2,0,0
best saas,phrase,12,4,0,1,1,6,0
app development company in,phrase,12,10,1,0,1,0,0
seo services in,phrase,12,5,1,1,5,0,0
seo services in india,phrase,12,5,1,1,5,0,0
web development,phrase,11,5,4,0,2,0,0
product development cost,phrase,11,3,0,1,1,6,0
saas product development cost,phrase,11,3,0,1,1,6,0
product development cost in,phrase,11,3,0,1,1,6,0
saas product development cost in,phrase,11,3,0,1,1,6,0
product development cost in india,phrase,11,3,0,1,1,6,0
best saas development,phrase,11,3,0,1,1,6,0
best saas development company,phrase,11,3,0,1,1,6,0
best saas development company in,phrase,11,3,0,1,1,6,0
seo and digital,phrase,11,4,0,0,0,7,0
seo and digital marketing,phrase,11,4,0,0,0,7,0
software cost,phrase,10,3,0,1,1,5,0
custom software cost,phrase,10,3,0,1,1,5,0
india 2026,phrase,10,1,0,1,1,1,0
in india 2026,phrase,10,1,0,1,1,1,0
seo and digital marketing agency,phrase,10,4,0,0,0,6,0
local seo,phrase,10,3,1,1,0,5,0
website development company in india,phrase,10,6,2,0,0,2,0
best seo,phrase,9,4,0,1,0,4,0
website solution,phrase,9,9,0,3,0,20,0
creative website,phrase,9,3,0,1,0,5,0
creative website solutions,phrase,9,3,0,1,0,5,0
development in india,phrase,8,5,0,0,0,3,0
does custom,phrase,8,3,0,1,1,3,0
much does custom,phrase,8,3,0,1,1,3,0
does custom software,phrase,8,3,0,1,1,3,0
software cost in,phrase,8,2,0,1,1,4,0
how much does custom,phrase,8,3,0,1,1,3,0
much does custom software,phrase,8,3,0,1,1,3,0
custom software cost in,phrase,8,2,0,1,1,4,0
software cost in india,phrase,8,2,0,1,1,4,0
how much does custom software,phrase,8,3,0,1,1,3,0
custom software cost in india,phrase,8,2,0,1,1,4,0
affordable seo,phrase,8,3,0,1,0,4,0
custom development,phrase,8,3,0,0,0,5,0
website builders vs,phrase,8,3,0,1,0,4,0
builders vs custom,phrase,8,3,0,1,0,4,0
affordable website builders vs,phrase,8,3,0,1,0,4,0
website builders vs custom,phrase,8,3,0,1,0,4,0
affordable website builders vs custom,phrase,8,3,0,1,0,4,0
ecommerce website development company,phrase,8,3,0,1,0,4,0
website solutions that,phrase,8,3,0,1,0,4,0
services for startups,phrase,7,3,0,1,0,3,0
does custom software cost,phrase,7,2,0,1,1,3,0
much does custom software cost,phrase,7,2,0,1,1,3,0
does custom software cost in,phrase,7,2,0,1,1,3,0
website development cost,phrase,7,2,0,1,1,4,0
website development cost in,phrase,7,2,0,1,1,3,0
website development cost in india,phrase,7,2,0,1,1,3,0
best seo and,phrase,7,3,0,0,0,4,0
best seo and digital,phrase,7,3,0,0,0,4,0
best seo and digital marketing,phrase,7,3,0,0,0,4,0
seo and content,phrase,7,3,0,0,0,4,0
seo and content marketing,phrase,7,3,0,0,0,4,0
seo and content marketing agency,phrase,7,3,0,0,0,4,0
affordable seo and,phrase,7,3,0,0,0,4,0
affordable seo and marketing,phrase,7,3,0,0,0,4,0
affordable seo and marketing agency,phrase,7,3,0,0,0,4,0
seo agency,phrase,7,2,0,2,0,3,0
local seo and,phrase,7,3,0,0,0,4,0
local seo and marketing,phrase,7,3,0,0,0,4,0
local seo and marketing agency,phrase,7,3,0,0,0,4,0
website solution provider,phrase,7,3,0,1,0,4,0
company guide,phrase,7,3,0,1,0,3,0
development company guide,phrase,7,3,0,1,0,3,0
website development company guide,phrase,7,3,0,1,0,3,0
seo and website,phrase,7,3,0,1,0,3,0
and website development,phrase,7,3,0,1,0,3,0
seo and website development,phrase,7,3,0,1,0,3,0
and website development company,phrase,7,3,0,1,0,3,0
seo and website development company,phrase,7,3,0,1,0,3,0
creative website solutions that,phrase,7,3,0,1,0,3,0
website solutions that convert,phrase,7,3,0,1,0,3,0
creative website solutions that convert,phrase,7,3,0,1,0,3,0
react and next,phrase,7,3,0,0,0,4,0
react and next js,phrase,7,0,0,0,0,0,0
company in india for,phrase,7,6,0,0,0,1,0
development company in india for,phrase,7,6,0,0,0,1,0
app development company in india,phrase,7,6,1,0,0,0,0
pan india,phrase,6,4,2,0,0,0,0
software development company,phrase,6,5,1,0,0,0,0
custom software development company,phrase,6,5,1,0,0,0,0
development services,phrase,6,3,0,0,3,0,0
services in india for,phrase,6,6,0,0,0,0,0
cost in india 2026,phrase,6,1,0,1,1,1,0
development cost in india 2026,phrase,6,1,0,1,1,1,0
seo services for,phrase,6,2,0,1,0,3,0
startups in india,phrase,6,2,0,1,0,3,0
seo services for startups,phrase,6,2,0,1,0,3,0
for startups in india,phrase,6,2,0,1,0,3,0
development guide,phrase,6,2,0,1,0,3,0
website development guide,phrase,6,2,0,1,0,3,0
ecommerce website development guide,phrase,6,2,0,1,0,3,0
best website,phrase,6,2,0,1,0,3,0
best website solutions,phrase,6,2,0,1,0,3,0
choose a website,phrase,6,3,0,0,0,3,0
to choose a website,phrase,6,3,0,0,0,3,0
how to choose a website,phrase,6,3,0,0,0,3,0
js development,phrase,6,1,0,1,4,0,0
design development,phrase,5,0,0,0,0,0,0
development seo,phrase,5,0,1,0,0,0,0
web design development,phrase,5,0,0,0,0,0,0
for website app,phrase,5,0,0,0,0,0,0
app saas development,phrase,5,0,0,2,0,0,0
website app saas development,phrase,5,0,0,2,0,0,0
app saas and,phrase,5,0,0,0,0,0,0
saas and custom,phrase,5,1,0,0,0,0,0
and custom software,phrase,5,5,0,0,0,0,0
website app saas and,phrase,5,0,0,0,0,0,0
saas and custom software,phrase,5,1,0,0,0,0,0
services for startups in,phrase,5,2,0,1,0,2,0
seo services for startups in,phrase,5,2,0,1,0,2,0
services for startups in india,phrase,5,2,0,1,0,2,0
react vs next,phrase,5,2,0,1,0,3,0
react vs next js,phrase,5,0,0,0,0,0,0
agency pricing,phrase,5,1,0,1,0,1,0
marketing agency pricing,phrase,5,1,0,1,0,1,0
seo agency wordpress,phrase,5,2,0,1,0,2,0
seo agency wordpress themes,phrase,5,2,0,1,0,2,0
website solutions for,phrase,5,2,0,0,0,3,0
best website solutions for,phrase,5,2,0,0,0,3,0
website solutions for small,phrase,5,2,0,0,0,3,0
best website solutions for small,phrase,5,2,0,0,0,3,0
website solutions for small business,phrase,5,2,0,0,0,3,0
ecommerce website development company guide,phrase,5,2,0,1,0,2,0
india including,phrase,5,0,0,0,0,0,0
in india including,phrase,5,0,0,0,0,0,0
website development in,phrase,5,2,0,0,0,3,0
website development in india,phrase,5,2,0,0,0,3,0
seo agencies,phrase,5,2,0,0,0,3,0
for seo agencies,phrase,5,2,0,0,0,3,0
company in mumbai,phrase,5,4,0,0,1,0,0
development company in mumbai,phrase,5,4,0,0,1,0,0
website development company in mumbai,phrase,5,4,0,0,1,0,0
company in bangalore,phrase,5,4,0,0,1,0,0
development company in bangalore,phrase,5,4,0,0,1,0,0
app development company in bangalore,phrase,5,4,0,0,1,0,0
company in hyderabad,phrase,5,4,0,0,1,0,0
development company in hyderabad,phrase,5,4,0,0,1,0,0
saas development company in hyderabad,phrase,5,4,0,0,1,0,0
consulting and services,phrase,5,4,1,0,0,0,0
it consulting and services,phrase,5,4,1,0,0,0,0
react js,phrase,5,0,0,1,4,0,0
react js development,phrase,5,0,0,1,4,0,0
saas seo,phrase,4,0,0,0,0,0,0
consulting services,phrase,4,4,0,0,0,0,0
app saas seo,phrase,4,0,0,0,0,0,0
saas seo and,phrase,4,0,0,0,0,0,0
it consulting services,phrase,4,4,0,0,0,0,0
website app saas seo,phrase,4,0,0,0,0,0,0
app saas seo and,phrase,4,0,0,0,0,0,0
saas seo and it,phrase,4,0,0,0,0,0,0
seo and it consulting,phrase,4,0,0,0,0,0,0
website app saas seo and,phrase,4,0,0,0,0,0,0
app saas seo and it,phrase,4,0,0,0,0,0,0
saas seo and it consulting,phrase,4,0,0,0,0,0,0
seo insights,phrase,4,2,2,0,0,0,0
development seo insights,phrase,4,0,1,0,0,0,0
web development seo,phrase,4,0,1,0,0,0,0
for website app saas,phrase,4,0,0,0,0,0,0
app saas development company,phrase,4,0,0,2,0,0,0
website app saas development company,phrase,4,0,0,2,0,0,0
app saas and custom,phrase,4,0,0,0,0,0,0
and custom software development,phrase,4,4,0,0,0,0,0
website app saas and custom,phrase,4,0,0,0,0,0,0
app saas and custom software,phrase,4,0,0,0,0,0,0
saas and custom software development,phrase,4,0,0,0,0,0,0
pricing in india,phrase,4,2,1,0,0,1,0
web app development,phrase,4,0,0,0,0,0,0
india guide,phrase,4,2,0,0,0,2,0
in india guide,phrase,4,2,0,0,0,2,0
react vs next js for,phrase,4,0,0,0,0,0,0
development guide in,phrase,4,2,0,1,0,2,0
guide in india,phrase,4,2,0,0,0,2,0
website development guide in,phrase,4,2,0,1,0,2,0
development guide in india,phrase,4,2,0,0,0,2,0
ecommerce website development guide in,phrase,4,2,0,1,0,2,0
website development guide in india,phrase,4,2,0,0,0,2,0
development timeline,phrase,4,1,0,1,0,2,0
website development timeline,phrase,4,1,0,1,0,2,0
and marketing agency pricing,phrase,4,1,0,0,0,1,0
seo and marketing agency pricing,phrase,4,1,0,0,0,1,0
business in india,phrase,4,2,0,0,0,2,0
small business in india,phrase,4,2,0,0,0,2,0
for small business in india,phrase,4,2,0,0,0,2,0
a website solution,phrase,4,2,0,0,0,3,0
choose a website solution,phrase,4,2,0,0,0,2,0
a website solution provider,phrase,4,2,0,0,0,2,0
to choose a website solution,phrase,4,2,0,0,0,2,0
choose a website solution provider,phrase,4,2,0,0,0,2,0
vs custom development,phrase,4,2,0,0,0,2,0
builders vs custom development,phrase,4,2,0,0,0,2,0
website builders vs custom development,phrase,4,2,0,0,0,2,0
the best saas,phrase,4,1,0,0,0,3,0
the best saas development,phrase,4,1,0,0,0,3,0
the best saas development company,phrase,4,1,0,0,0,3,0
pricing ranges,phrase,4,1,0,0,0,3,0
react and next js for,phrase,4,0,0,0,0,0,0
compare affordable website,phrase,4,2,0,0,0,2,0
a website development,phrase,4,2,0,0,0,2,0
compare affordable website builders,phrase,4,2,0,0,0,2,0
a website development company,phrase,4,2,0,0,0,2,0
a website development company in,phrase,4,2,0,0,0,2,0
right website,phrase,4,2,0,0,0,2,0
the right website,phrase,4,2,0,0,0,2,0
website payment,phrase,4,1,0,0,0,3,0
website payment solutions,phrase,4,1,0,0,0,3,0
india a practical,phrase,4,0,0,0,0,0,0
in india a practical,phrase,4,0,0,0,0,0,0
design cost,phrase,4,1,0,1,0,2,0
web design cost,phrase,4,1,0,1,0,2,0
india weborbitsolution,phrase,4,0,0,0,0,0,0
in india weborbitsolution,phrase,4,0,0,0,0,0,0
consulting and services in,phrase,4,3,1,0,0,0,0
and services in india,phrase,4,3,1,0,0,0,0
it consulting and services in,phrase,4,3,1,0,0,0,0
consulting and services in india,phrase,4,3,1,0,0,0,0
software development company in,phrase,4,3,1,0,0,0,0
custom software development company in,phrase,4,3,1,0,0,0,0
software development company in india,phrase,4,3,1,0,0,0,0
seo services in india for,phrase,4,4,0,0,0,0,0
mobile app,phrase,4,1,0,1,2,0,0
mobile app development,phrase,4,1,0,1,2,0,0
explore services,phrase,4,0,0,0,4,0,0
cost ranges,phrase,4,0,0,0,0,4,0
weborbitsolution it services,phrase,3,0,0,0,0,0,1
and it consulting services,phrase,3,3,0,0,0,0,0
seo and it consulting services,phrase,3,0,0,0,0,0,0
web development seo insights,phrase,3,0,1,0,0,0,0
for website app saas seo,phrase,3,0,0,0,0,0,0
development portfolio,phrase,3,1,2,0,0,0,0
design development portfolio,phrase,3,0,0,0,0,0,0
development portfolio in,phrase,3,1,2,0,0,0,0
portfolio in india,phrase,3,1,2,0,0,0,0
web design development portfolio,phrase,3,0,0,0,0,0,0
design development portfolio in,phrase,3,0,0,0,0,0,0
development portfolio in india,phrase,3,1,2,0,0,0,0
web design development portfolio in,phrase,3,0,0,0,0,0,0
design development portfolio in india,phrase,3,0,0,0,0,0,0
nulled seo,phrase,3,1,0,1,0,1,0
avoid nulled seo,phrase,3,1,0,1,0,1,0
nulled seo agency,phrase,3,1,0,1,0,1,0
avoid nulled seo agency,phrase,3,1,0,1,0,1,0
india with realistic,phrase,3,1,0,0,0,1,0
in india with realistic,phrase,3,1,0,0,0,1,0
choose the best saas,phrase,3,1,0,0,0,2,0
to choose the best saas,phrase,3,1,0,0,0,2,0
choose the best saas development,phrase,3,1,0,0,0,2,0
development pricing,phrase,3,1,0,0,1,1,0
website development pricing,phrase,3,1,0,0,1,1,0
seo performance,phrase,3,0,0,0,0,1,0
ecommerce website development in,phrase,3,1,0,0,0,2,0
ecommerce website development in india,phrase,3,1,0,0,0,2,0
the best seo,phrase,3,1,0,0,0,2,0
the best seo and,phrase,3,1,0,0,0,2,0
the best seo and digital,phrase,3,1,0,0,0,2,0
an seo and content,phrase,3,1,0,0,0,2,0
an seo and content marketing,phrase,3,1,0,0,0,2,0
what affordable seo,phrase,3,1,0,0,0,1,0
what affordable seo and,phrase,3,1,0,0,0,1,0
what affordable seo and marketing,phrase,3,1,0,0,0,1,0
a local seo,phrase,3,1,0,0,0,2,0
a local seo and,phrase,3,1,0,0,0,2,0
a local seo and marketing,phrase,3,1,0,0,0,2,0
custom builds,phrase,3,1,0,0,0,2,0
vs custom builds,phrase,3,1,0,0,0,2,0
builders vs custom builds,phrase,3,1,0,0,0,2,0
website builders vs custom builds,phrase,3,1,0,0,0,2,0
an ecommerce website,phrase,3,1,0,0,0,2,0
an ecommerce website development,phrase,3,1,0,0,0,2,0
an ecommerce website development company,phrase,3,1,0,0,0,2,0
seo digital,phrase,3,0,0,1,0,0,0
seo digital marketing,phrase,3,0,0,1,0,0,0
seo digital marketing agency,phrase,3,0,0,1,0,0,0
design cost in,phrase,3,1,0,1,0,1,0
web design cost in,phrase,3,1,0,1,0,1,0
design cost in india,phrase,3,1,0,1,0,1,0
web design cost in india,phrase,3,1,0,1,0,1,0
website checklist,phrase,3,1,0,1,0,1,0
identity for saas,phrase,3,1,0,1,0,1,0
brand identity for saas,phrase,3,1,0,1,0,1,0
company in india weborbitsolution,phrase,3,0,0,0,0,0,0
development company in india weborbitsolution,phrase,3,0,0,0,0,0,0
india for saas,phrase,3,3,0,0,0,0,0
in india for saas,phrase,3,3,0,0,0,0,0
for website development,phrase,3,1,0,0,0,2,0
services web,phrase,3,0,0,0,0,0,0
web development company,phrase,3,2,1,0,0,0,0
web development company in,phrase,3,2,1,0,0,0,0
web development company in india,phrase,3,2,1,0,0,0,0
view pricing,phrase,3,0,0,0,3,0,0
reviewing website,phrase,3,0,0,0,0,3,0
development,unigram,179,83,12,18,18,48,0
india,unigram,155,78,15,12,11,43,1
website,unigram,149,67,2,15,3,72,1
seo,unigram,123,53,4,10,6,60,0
company,unigram,87,48,7,13,4,15,0
services,unigram,68,35,8,3,16,5,1
saas,unigram,64,33,1,7,3,20,0
marketing,unigram,49,19,0,4,0,26,0
custom,unigram,45,19,2,3,3,18,0
cost,unigram,44,17,0,4,3,26,0
agency,unigram,44,16,0,6,0,22,0
app,unigram,40,34,2,5,3,3,0
guide,unigram,37,16,0,3,0,20,0
weborbitsolution,unigram,34,32,1,0,0,0,1
web,unigram,34,116,11,16,8,80,4
choose,unigram,33,16,2,1,0,14,0
pricing,unigram,32,9,3,2,4,14,0
best,unigram,32,14,0,3,1,14,0
solutions,unigram,29,8,0,2,0,19,0
business,unigram,29,12,2,2,0,16,0
software,unigram,26,13,1,2,3,7,0
ecommerce,unigram,26,7,0,2,0,17,0
design,unigram,25,12,2,1,2,9,0
product,unigram,25,14,2,1,1,11,0
performance,unigram,22,6,1,0,0,16,0
digital,unigram,22,11,1,1,1,8,0
react,unigram,22,9,0,2,4,8,0
affordable,unigram,22,7,0,2,0,13,0
project,unigram,21,5,3,0,5,11,1
team,unigram,20,7,3,0,0,17,1
startups,unigram,19,10,0,1,0,8,0
practical,unigram,19,7,1,0,0,11,0
playbook,unigram,17,7,0,1,0,9,0
wordpress,unigram,17,6,0,1,0,10,0
themes,unigram,17,6,0,2,0,9,0
avoid,unigram,17,4,0,1,0,12,0
checklist,unigram,17,5,0,1,0,11,0
growth,unigram,16,11,1,0,0,5,0
consulting,unigram,15,18,1,0,0,0,0
content,unigram,15,5,0,1,0,9,0
policy,unigram,15,6,6,0,3,0,0
strategy,unigram,15,4,0,0,1,10,0
timeline,unigram,14,6,0,1,0,12,0
much,unigram,14,8,0,1,1,4,0
nextjs,unigram,14,0,0,1,0,0,0
learn,unigram,14,7,0,0,0,7,0
does,unigram,13,7,0,1,1,4,0
builds,unigram,13,6,0,0,0,10,0
builders,unigram,13,4,0,1,0,8,0
right,unigram,13,4,1,0,0,9,0
get,unigram,12,7,4,0,2,13,0
delivery,unigram,12,7,2,0,0,3,0
planning,unigram,12,3,0,0,0,9,0
small,unigram,12,4,0,1,0,7,0
websites,unigram,11,6,0,1,0,4,0
contact,unigram,11,2,5,1,3,0,0
cookies,unigram,11,1,9,1,0,0,0
compare,unigram,11,6,0,0,1,4,0
scope,unigram,11,4,3,0,0,6,0
local,unigram,11,3,1,1,0,6,0
budget,unigram,10,2,0,0,0,11,0
nulled,unigram,10,3,0,1,0,6,0
reviews,unigram,10,3,0,1,0,6,0
including,unigram,10,3,0,0,0,7,0
start,unigram,10,10,2,1,5,13,0
payment,unigram,9,5,2,1,0,5,0
view,unigram,9,5,2,1,8,13,0
build,unigram,9,16,3,1,0,22,0
support,unigram,9,8,0,0,1,0,0
solution,unigram,9,43,1,3,0,24,1
creative,unigram,9,3,0,1,0,5,0
ranges,unigram,9,1,0,0,0,8,0
proof,unigram,9,3,0,0,0,6,0
partner,unigram,8,3,2,0,0,3,0
insights,unigram,8,5,2,0,0,1,0
teams,unigram,8,5,2,0,0,1,0
explore,unigram,8,2,0,0,6,0,0
scalable,unigram,8,7,0,0,0,1,0
convert,unigram,8,7,0,1,0,7,0
realistic,unigram,8,3,0,0,0,5,0
questions,unigram,8,0,6,0,0,2,0
faq,unigram,8,0,0,0,0,8,0
modern,unigram,7,3,0,0,0,4,0
refund,unigram,7,2,4,1,1,0,0
understand,unigram,7,4,0,0,0,3,0
terms,unigram,7,2,3,1,1,0,0
portfolio,unigram,7,1,2,0,4,0,0
case,unigram,7,1,0,0,5,3,0
technical,unigram,7,2,2,0,0,3,0
work,unigram,7,2,1,1,1,6,0
brand,unigram,7,6,0,1,0,6,0
provider,unigram,7,3,0,1,0,4,0
scaling,unigram,7,2,0,0,0,5,0
hosting,unigram,7,2,0,0,0,5,0
mumbai,unigram,7,4,0,2,1,0,0
bangalore,unigram,7,4,0,2,1,0,0
hyderabad,unigram,7,4,0,2,1,0,0
use,unigram,7,4,4,0,0,5,0
reviewing,unigram,7,0,0,0,0,7,0
enterprises,unigram,6,6,0,0,0,0,0
blog,unigram,6,2,2,2,0,0,0
pan,unigram,6,52,9,13,4,15,0
engineering,unigram,6,6,0,0,0,0,0
packages,unigram,6,2,1,0,0,3,0
outcomes,unigram,6,3,0,0,0,3,0
systems,unigram,6,4,0,0,0,2,0
factors,unigram,6,1,0,0,0,5,0
hiring,unigram,6,2,0,0,0,4,0
low-quality,unigram,6,2,0,0,0,4,0
using,unigram,6,3,0,0,0,3,0
should,unigram,6,1,0,0,0,5,0
agencies,unigram,6,2,0,0,0,4,0
photos,unigram,6,2,0,0,0,4,0
without,unigram,6,1,0,0,0,5,0
admin,unigram,5,3,0,2,0,0,0
read,unigram,5,9,1,1,0,2,0
fast,unigram,5,7,0,0,0,3,0
cookie,unigram,5,3,11,1,1,0,0
faster,unigram,5,3,0,0,0,2,0
privacy,unigram,5,2,1,1,1,0,0
data,unigram,5,1,4,0,0,0,0
timelines,unigram,5,2,0,0,0,3,0
studies,unigram,5,1,0,0,3,1,0
before,unigram,5,2,0,0,0,3,0
scale,unigram,5,2,3,0,0,1,0
platform,unigram,5,5,0,0,0,3,0
types,unigram,5,2,1,0,0,2,0
keyword,unigram,5,2,0,0,0,3,0
scalability,unigram,5,2,0,0,0,3,0
long,unigram,5,2,0,1,0,3,0
choosing,unigram,5,1,0,0,0,4,0
secure,unigram,5,3,0,0,0,2,0
evaluate,unigram,5,3,0,0,0,2,0
real,unigram,5,5,0,0,0,9,0
10-point,unigram,5,2,0,0,0,3,0
leads,unigram,5,2,0,0,0,3,0
rankings,unigram,5,1,0,0,0,4,0
red,unigram,5,2,0,0,0,5,0
flags,unigram,5,1,0,0,0,4,0
search,unigram,5,5,0,0,0,1,0
inr,unigram,5,5,0,0,0,0,0
frequently,unigram,5,0,5,0,0,0,0
asked,unigram,5,0,5,0,0,0,0
clear,unigram,5,0,1,0,0,4,0
information,unigram,5,0,5,0,0,0,0
client,unigram,5,1,4,0,0,1,0
book,unigram,5,7,0,1,5,9,0
consultation,unigram,5,0,0,0,5,0,0
