Day Range,Week,Workstream,Task,Deliverable,Priority,Owner,KPI,Target Outcome,Dependency,Risk,Status
Days 1-7,Week 1,Strategy,Freeze page-level keyword ownership to stop cannibalization,Final keyword-to-URL map approved,P1,Founder + SEO,Keyword ownership conflicts,0 conflicts for core pages,Stakeholder alignment,Scope creep,Planned
Days 1-7,Week 1,Technical SEO,"Validate GSC, GA4, Bing, sitemap, robots, canonicals",Tracking and indexing baseline report,P1,SEO + Dev,Indexability health,All key pages crawlable/indexable,Access to tools,Misconfigured tracking,Planned
Days 1-7,Week 1,Conversion,Define lead qualification fields and CRM flow,New contact form field spec,P1,Founder + Dev,Lead quality,Form captures budget/timeline/service,CRM mapping,Low lead quality persists,Planned
Days 8-14,Week 2,Content Architecture,Refine existing service pages for single primary keyword,Updated 5 core service pages,P1,SEO + Content,On-page relevance,Clear H1/title/meta per page,Content resources,Mixed page intent,Planned
Days 8-14,Week 2,Schema,Audit and patch Service/FAQ/LocalBusiness schemas,Schema validation report,P1,Dev + SEO,Rich result eligibility,No critical schema errors,Developer bandwidth,Invalid structured data,Planned
Days 8-14,Week 2,CRO,Insert CTA blocks every 2 sections on money pages,CTA placement update,P1,Content + Dev,CTR to contact,+20% click-through to contact page,Design constraints,Weak CTA copy,Planned
Days 15-21,Week 3,New Pages,Create MVP development service page,/mvp-development-for-startups-india live,P1,Content + Dev,BOFU keyword coverage,Page indexed and internally linked,Content draft,Thin content,Planned
Days 15-21,Week 3,New Pages,Create custom SaaS development services page,/custom-saas-development-services-india live,P1,Content + Dev,BOFU keyword coverage,Page indexed and internally linked,Content draft,Cannibalization with existing SaaS page,Planned
Days 15-21,Week 3,Internal Linking,Implement fixed blog→service→contact linking rules,Internal link matrix v1,P1,SEO + Content,Link depth,All priority pages <=3 clicks from home,Content edits,Orphan pages,Planned
Days 22-30,Week 4,Commercial Content,Upgrade pricing page with package bands and qualification cues,Pricing page v2,P1,Content + Founder,Commercial conversion,Higher qualified inquiry ratio,Pricing policy clarity,Price mismatch expectation,Planned
Days 22-30,Week 4,Proof Assets,Create case study template with measurable outcomes,Case study framework,P1,Founder + Content,Trust signals,Template approved and reusable,Data availability,No measurable proof,Planned
Days 22-30,Week 4,Reporting,"Set baseline dashboard for traffic, leads, SQLs, close rate",Weekly SEO dashboard,P1,SEO,Decision visibility,Single source of truth dashboard,Analytics setup,No reliable baseline,Planned
Days 31-37,Week 5,Local SEO,Launch Delhi website development page,/website-development-company-delhi live,P1,Content + Dev,Local BOFU footprint,Indexed + linked from hub pages,Content approval,Duplicate city content,Planned
Days 31-37,Week 5,Local SEO,Launch Delhi app development page,/app-development-company-delhi live,P1,Content + Dev,Local BOFU footprint,Indexed + linked from hub pages,Content approval,Duplicate city content,Planned
Days 31-37,Week 5,CRO,Add sticky consultation CTA on mobile for money pages,Mobile CTA release,P2,Dev,Mobile conversion rate,+15% mobile contact clicks,UI compatibility,UX friction,Planned
Days 38-44,Week 6,Local SEO,Launch Android developer Delhi page,/android-app-developer-delhi live,P2,Content + Dev,Long-tail local coverage,Indexed + linked,Content resources,Keyword overlap,Planned
Days 38-44,Week 6,Trust,Publish first measurable case study,Case study #1 live,P1,Founder + Content,BOFU conversion assist,Case study linked from 4 service pages,Client permission,Weak proof quality,Planned
Days 38-44,Week 6,Trust,Publish second measurable case study,Case study #2 live,P1,Founder + Content,BOFU conversion assist,Case study linked from 4 service pages,Client permission,Weak proof quality,Planned
Days 45-51,Week 7,Content Cluster,Publish SaaS BOFU blog: MVP timeline and budget,1 SaaS BOFU blog live,P1,Content,Topical authority,Blog links to 2 service pages + contact,Editorial capacity,Low differentiation,Planned
Days 45-51,Week 7,Content Cluster,Publish App BOFU blog: startup app scope and cost,1 App BOFU blog live,P1,Content,Topical authority,Blog links to app page + contact,Editorial capacity,Low differentiation,Planned
Days 45-51,Week 7,Technical,Run crawl to detect orphan/duplicate/meta conflicts,Crawl issue log + fixes,P1,SEO + Dev,Technical health,No critical crawl/index issues,Crawl tool access,Hidden duplicate pages,Planned
Days 52-58,Week 8,Authority,Start outreach for quality backlinks (founder POV + SaaS topics),Outreach list + 1st campaign,P1,Founder + SEO,Referring domains,+5 quality referring domains,Outreach assets,Low acceptance rate,Planned
Days 52-58,Week 8,Entity SEO,Add semantic sections to service pages (AI search friendly),Semantic module updates,P2,Content + SEO,Answer-engine readiness,Improved query breadth,Content bandwidth,Over-optimization,Planned
Days 52-58,Week 8,Schema,Add case-study and article schema where relevant,Schema patch v2,P2,Dev + SEO,Structured data coverage,0 critical schema warnings,Dev bandwidth,Invalid markup,Planned
Days 59-65,Week 9,Industry Pages,Launch Fintech industry page,/industries/fintech live,P2,Content + Dev,Vertical authority,Indexed + linked from services,Content approval,Thin ICP alignment,Planned
Days 59-65,Week 9,Industry Pages,Launch Healthcare industry page,/industries/healthcare live,P2,Content + Dev,Vertical authority,Indexed + linked from services,Content approval,Thin ICP alignment,Planned
Days 59-65,Week 9,Lead Quality,Review form submissions and tune qualifiers,Form v2 with qualification logic,P1,Founder + Dev,SQL rate,Higher lead-to-SQL %,Sufficient data volume,Too strict form,Planned
Days 66-72,Week 10,Industry Pages,Launch Retail/D2C industry page,/industries/retail-d2c live,P3,Content + Dev,Vertical authority,Indexed + linked from services,Content approval,Weak use-case proof,Planned
Days 66-72,Week 10,Internal Linking,Deploy v2 links from all ranking blogs to BOFU pages,Internal links matrix v2,P1,SEO + Content,BOFU assisted traffic,+25% service-page entries from blog,Content edits,Broken links,Planned
Days 66-72,Week 10,CRO,Add consultation hooks on top 5 traffic pages,Conversion module rollout,P1,Content + Dev,Lead conversion,Higher contact clicks from top pages,Design approval,CTA blindness,Planned
Days 73-79,Week 11,Authority,Second backlink campaign (guest posts/digital PR),Campaign #2 report,P1,Founder + SEO,Referring domains,+5 additional quality domains,Outreach bandwidth,Low editorial acceptance,Planned
Days 73-79,Week 11,Performance,Core Web Vitals improvements on top pages,CWV patch release,P2,Dev,LCP/INP/CLS,Improved mobile CWV pass rate,Dev cycles,Regression risk,Planned
Days 73-79,Week 11,SERP CTR,Rewrite underperforming titles/meta on top impression pages,Meta optimization batch,P2,SEO + Content,Organic CTR,+15% CTR on target pages,GSC data,Brand voice mismatch,Planned
Days 80-86,Week 12,Pruning,Merge/prune weak overlapping blog posts,Content pruning log,P2,SEO + Content,Cannibalization reduction,Fewer overlapping URLs per keyword,Content decision,Traffic dip on pruned pages,Planned
Days 80-86,Week 12,BOFU Expansion,Create 1 comparison page (agency vs freelancer),Comparison page live,P2,Content,Commercial assist,Improved BOFU engagement,Research data,Low credibility if generic,Planned
Days 80-86,Week 12,Sales Alignment,Map SEO leads to service lines and close rates,SEO-to-revenue mapping,P1,Founder + Sales,Revenue visibility,Attributed pipeline by page,CRM hygiene,Attribution noise,Planned
Days 87-90,Week 13,Review,90-day SEO audit and re-prioritization,Q2 roadmap doc,P1,Founder + SEO,Execution quality,Next 90-day roadmap approved,All prior reports,No clear next focus,Planned
Days 87-90,Week 13,Forecast,Model traffic/lead/revenue forecast from current trend,Forecast sheet,P1,Founder,Target realism,Updated lead and revenue targets,Reliable data,Unrealistic assumptions,Planned
Days 87-90,Week 13,Decision,Choose expansion direction: city scale vs SaaS authority depth,Strategic decision note,P1,Founder,Strategic clarity,One clear growth thesis for next quarter,Stakeholder buy-in,Split focus,Planned
